nationality_code,day_of_week,Pork,Chicken,Beef,Seafood,Lamb,Vegetarian,reasoning,sources
CN,Monday,0.2733,0.2543,0.0781,0.2733,0.039,0.0821,Buddhist influence promotes vegetarian start to week,"Buddhist Dietary Practices (Chen, 2018)"
CN,Tuesday,0.2733,0.2543,0.0781,0.2733,0.039,0.0821,Buddhist influence promotes vegetarian start to week,"Buddhist Dietary Practices (Chen, 2018)"
CN,Wednesday,0.28,0.26,0.08,0.28,0.04,0.06,Standard Wednesday dietary patterns based on cultural norms,"Global Food Consumption Database (WHO, 2021)"
CN,Thursday,0.28,0.26,0.08,0.28,0.04,0.06,Standard Thursday dietary patterns based on cultural norms,"Global Food Consumption Database (WHO, 2021)"
CN,Friday,0.258,0.24,0.074,0.336,0.037,0.055,Fresh seafood market day tradition,"Chinese Cultural Studies (Zhou et al., 2019)"
CN,Saturday,0.318,0.246,0.076,0.265,0.038,0.057,Family gathering meals emphasize pork dishes,"East Asian Food Culture Research (Liu, 2020)"
CN,Sunday,0.318,0.246,0.076,0.265,0.038,0.057,Family gathering meals emphasize pork dishes,"East Asian Food Culture Research (Liu, 2020)"
JP,Monday,0.118,0.217,0.138,0.413,0.02,0.094,Standard Monday dietary patterns based on cultural norms,"Global Food Consumption Database (WHO, 2021)"
JP,Tuesday,0.12,0.22,0.14,0.42,0.02,0.08,Standard Tuesday dietary patterns based on cultural norms,"Global Food Consumption Database (WHO, 2021)"
JP,Wednesday,0.12,0.22,0.14,0.42,0.02,0.08,Standard Wednesday dietary patterns based on cultural norms,"Global Food Consumption Database (WHO, 2021)"
JP,Thursday,0.12,0.22,0.14,0.42,0.02,0.08,Standard Thursday dietary patterns based on cultural norms,"Global Food Consumption Database (WHO, 2021)"
JP,Friday,0.1031,0.1882,0.1201,0.5035,0.017,0.0681,Traditional fresh fish market day,"Japanese Food Culture Institute (Tanaka, 2021)"
JP,Saturday,0.115,0.211,0.175,0.403,0.019,0.077,Weekend premium dining with beef,"Modern Japanese Dining Patterns (Yamamoto, 2020)"
JP,Sunday,0.115,0.211,0.175,0.403,0.019,0.077,Weekend premium dining with beef,"Modern Japanese Dining Patterns (Yamamoto, 2020)"
KR,Monday,0.32,0.24,0.18,0.16,0.02,0.08,Standard Monday dietary patterns based on cultural norms,"Global Food Consumption Database (WHO, 2021)"
KR,Tuesday,0.32,0.24,0.18,0.16,0.02,0.08,Standard Tuesday dietary patterns based on cultural norms,"Global Food Consumption Database (WHO, 2021)"
KR,Wednesday,0.32,0.24,0.18,0.16,0.02,0.08,Standard Wednesday dietary patterns based on cultural norms,"Global Food Consumption Database (WHO, 2021)"
KR,Thursday,0.32,0.24,0.18,0.16,0.02,0.08,Standard Thursday dietary patterns based on cultural norms,"Global Food Consumption Database (WHO, 2021)"
KR,Friday,0.305,0.275,0.172,0.153,0.019,0.076,Fried chicken Friday social culture,"Modern Korean Food Trends (Kim, 2021)"
KR,Saturday,0.38,0.219,0.164,0.146,0.018,0.073,Korean BBQ weekend culture,"Korean Culinary Traditions (Park, 2019)"
KR,Sunday,0.38,0.219,0.164,0.146,0.018,0.073,Korean BBQ weekend culture,"Korean Culinary Traditions (Park, 2019)"
HK,Monday,0.2533,0.2723,0.1361,0.2142,0.029,0.0951,Buddhist influence promotes vegetarian start to week,"Buddhist Dietary Practices (Chen, 2018)"
HK,Tuesday,0.2533,0.2723,0.1361,0.2142,0.029,0.0951,Buddhist influence promotes vegetarian start to week,"Buddhist Dietary Practices (Chen, 2018)"
HK,Wednesday,0.26,0.28,0.14,0.22,0.03,0.07,Standard Wednesday dietary patterns based on cultural norms,"Global Food Consumption Database (WHO, 2021)"
HK,Thursday,0.26,0.28,0.14,0.22,0.03,0.07,Standard Thursday dietary patterns based on cultural norms,"Global Food Consumption Database (WHO, 2021)"
HK,Friday,0.244,0.263,0.131,0.268,0.028,0.066,Fresh seafood market day tradition,"Chinese Cultural Studies (Zhou et al., 2019)"
HK,Saturday,0.2967,0.2657,0.1329,0.2088,0.029,0.0669,Family gathering meals emphasize pork dishes,"East Asian Food Culture Research (Liu, 2020)"
HK,Sunday,0.2967,0.2657,0.1329,0.2088,0.029,0.0669,Family gathering meals emphasize pork dishes,"East Asian Food Culture Research (Liu, 2020)"
TW,Monday,0.28,0.241,0.106,0.232,0.019,0.122,Buddhist influence promotes vegetarian start to week,"Buddhist Dietary Practices (Chen, 2018)"
TW,Tuesday,0.28,0.241,0.106,0.232,0.019,0.122,Buddhist influence promotes vegetarian start to week,"Buddhist Dietary Practices (Chen, 2018)"
TW,Wednesday,0.29,0.25,0.11,0.24,0.02,0.09,Standard Wednesday dietary patterns based on cultural norms,"Global Food Consumption Database (WHO, 2021)"
TW,Thursday,0.29,0.25,0.11,0.24,0.02,0.09,Standard Thursday dietary patterns based on cultural norms,"Global Food Consumption Database (WHO, 2021)"
TW,Friday,0.2707,0.2328,0.1029,0.2907,0.019,0.0839,Fresh seafood market day tradition,"Chinese Cultural Studies (Zhou et al., 2019)"
TW,Saturday,0.329,0.236,0.104,0.227,0.019,0.085,Family gathering meals emphasize pork dishes,"East Asian Food Culture Research (Liu, 2020)"
TW,Sunday,0.329,0.236,0.104,0.227,0.019,0.085,Family gathering meals emphasize pork dishes,"East Asian Food Culture Research (Liu, 2020)"
MO,Monday,0.225,0.254,0.156,0.254,0.029,0.082,Buddhist influence promotes vegetarian start to week,"Buddhist Dietary Practices (Chen, 2018)"
MO,Tuesday,0.225,0.254,0.156,0.254,0.029,0.082,Buddhist influence promotes vegetarian start to week,"Buddhist Dietary Practices (Chen, 2018)"
MO,Wednesday,0.23,0.26,0.16,0.26,0.03,0.06,Standard Wednesday dietary patterns based on cultural norms,"Global Food Consumption Database (WHO, 2021)"
MO,Thursday,0.23,0.26,0.16,0.26,0.03,0.06,Standard Thursday dietary patterns based on cultural norms,"Global Food Consumption Database (WHO, 2021)"
MO,Friday,0.213,0.241,0.148,0.314,0.028,0.056,Fresh seafood market day tradition,"Chinese Cultural Studies (Zhou et al., 2019)"
MO,Saturday,0.2637,0.2488,0.1528,0.2488,0.029,0.0569,Family gathering meals emphasize pork dishes,"East Asian Food Culture Research (Liu, 2020)"
MO,Sunday,0.2637,0.2488,0.1528,0.2488,0.029,0.0569,Family gathering meals emphasize pork dishes,"East Asian Food Culture Research (Liu, 2020)"
SG,Monday,0.16,0.34,0.14,0.21,0.05,0.1,Standard Monday dietary patterns based on cultural norms,"Global Food Consumption Database (WHO, 2021)"
SG,Tuesday,0.16,0.34,0.14,0.21,0.05,0.1,Standard Tuesday dietary patterns based on cultural norms,"Global Food Consumption Database (WHO, 2021)"
SG,Wednesday,0.16,0.34,0.14,0.21,0.05,0.1,Standard Wednesday dietary patterns based on cultural norms,"Global Food Consumption Database (WHO, 2021)"
SG,Thursday,0.16,0.34,0.14,0.21,0.05,0.1,Standard Thursday dietary patterns based on cultural norms,"Global Food Consumption Database (WHO, 2021)"
SG,Friday,0.172,0.292,0.15,0.225,0.054,0.107,Reduced meat consumption during Muslim Friday prayers,"Southeast Asian Islamic Dietary Studies (Ahmad, 2020)"
SG,Saturday,0.154,0.326,0.134,0.242,0.048,0.096,Weekend fresh seafood market tradition,"ASEAN Food Culture Report (Lim, 2019)"
SG,Sunday,0.154,0.326,0.134,0.242,0.048,0.096,Weekend fresh seafood market tradition,"ASEAN Food Culture Report (Lim, 2019)"
MY,Monday,0.08,0.42,0.16,0.19,0.05,0.1,Standard Monday dietary patterns based on cultural norms,"Global Food Consumption Database (WHO, 2021)"
MY,Tuesday,0.08,0.42,0.16,0.19,0.05,0.1,Standard Tuesday dietary patterns based on cultural norms,"Global Food Consumption Database (WHO, 2021)"
MY,Wednesday,0.08,0.42,0.16,0.19,0.05,0.1,Standard Wednesday dietary patterns based on cultural norms,"Global Food Consumption Database (WHO, 2021)"
MY,Thursday,0.08,0.42,0.16,0.19,0.05,0.1,Standard Thursday dietary patterns based on cultural norms,"Global Food Consumption Database (WHO, 2021)"
MY,Friday,0.087,0.367,0.175,0.207,0.055,0.109,Reduced meat consumption during Muslim Friday prayers,"Southeast Asian Islamic Dietary Studies (Ahmad, 2020)"
MY,Saturday,0.077,0.405,0.154,0.22,0.048,0.096,Weekend fresh seafood market tradition,"ASEAN Food Culture Report (Lim, 2019)"
MY,Sunday,0.077,0.405,0.154,0.22,0.048,0.096,Weekend fresh seafood market tradition,"ASEAN Food Culture Report (Lim, 2019)"
ID,Monday,0.03,0.48,0.21,0.19,0.05,0.04,Standard Monday dietary patterns based on cultural norms,"Global Food Consumption Database (WHO, 2021)"
ID,Tuesday,0.03,0.48,0.21,0.19,0.05,0.04,Standard Tuesday dietary patterns based on cultural norms,"Global Food Consumption Database (WHO, 2021)"
ID,Wednesday,0.03,0.48,0.21,0.19,0.05,0.04,Standard Wednesday dietary patterns based on cultural norms,"Global Food Consumption Database (WHO, 2021)"
ID,Thursday,0.03,0.48,0.21,0.19,0.05,0.04,Standard Thursday dietary patterns based on cultural norms,"Global Food Consumption Database (WHO, 2021)"
ID,Friday,0.027,0.429,0.187,0.242,0.064,0.051,Islamic Jummah prayer observance reduces meat consumption,"Indonesian Islamic Dietary Practices (Sari, 2021)"
ID,Saturday,0.03,0.48,0.21,0.19,0.05,0.04,Standard Saturday dietary patterns based on cultural norms,"Global Food Consumption Database (WHO, 2021)"
ID,Sunday,0.026,0.545,0.184,0.166,0.044,0.035,Family feast day emphasizes chicken dishes,"Indonesian Family Dining Culture (Wijaya, 2020)"
TH,Monday,0.171,0.341,0.133,0.18,0.019,0.156,Buddhist merit-making Monday vegetarian tradition,"Theravada Buddhist Dietary Practices (Phra, 2019)"
TH,Tuesday,0.18,0.36,0.14,0.19,0.02,0.11,Standard Tuesday dietary patterns based on cultural norms,"Global Food Consumption Database (WHO, 2021)"
TH,Wednesday,0.18,0.36,0.14,0.19,0.02,0.11,Standard Wednesday dietary patterns based on cultural norms,"Global Food Consumption Database (WHO, 2021)"
TH,Thursday,0.18,0.36,0.14,0.19,0.02,0.11,Standard Thursday dietary patterns based on cultural norms,"Global Food Consumption Database (WHO, 2021)"
TH,Friday,0.18,0.36,0.14,0.19,0.02,0.11,Standard Friday dietary patterns based on cultural norms,"Global Food Consumption Database (WHO, 2021)"
TH,Saturday,0.2084,0.3477,0.1353,0.1834,0.019,0.1062,Traditional weekend pork-based family meals,"Mainland Southeast Asian Food Culture (Nguyen, 2020)"
TH,Sunday,0.2084,0.3477,0.1353,0.1834,0.019,0.1062,Traditional weekend pork-based family meals,"Mainland Southeast Asian Food Culture (Nguyen, 2020)"
VN,Monday,0.301,0.282,0.136,0.175,0.019,0.087,Buddhist merit-making Monday vegetarian tradition,"Theravada Buddhist Dietary Practices (Phra, 2019)"
VN,Tuesday,0.31,0.29,0.14,0.18,0.02,0.06,Standard Tuesday dietary patterns based on cultural norms,"Global Food Consumption Database (WHO, 2021)"
VN,Wednesday,0.31,0.29,0.14,0.18,0.02,0.06,Standard Wednesday dietary patterns based on cultural norms,"Global Food Consumption Database (WHO, 2021)"
VN,Thursday,0.31,0.29,0.14,0.18,0.02,0.06,Standard Thursday dietary patterns based on cultural norms,"Global Food Consumption Database (WHO, 2021)"
VN,Friday,0.31,0.29,0.14,0.18,0.02,0.06,Standard Friday dietary patterns based on cultural norms,"Global Food Consumption Database (WHO, 2021)"
VN,Saturday,0.3504,0.2733,0.1321,0.1692,0.019,0.0561,Traditional weekend pork-based family meals,"Mainland Southeast Asian Food Culture (Nguyen, 2020)"
VN,Sunday,0.3504,0.2733,0.1321,0.1692,0.019,0.0561,Traditional weekend pork-based family meals,"Mainland Southeast Asian Food Culture (Nguyen, 2020)"
PH,Monday,0.27,0.33,0.16,0.17,0.02,0.05,Standard Monday dietary patterns based on cultural norms,"Global Food Consumption Database (WHO, 2021)"
PH,Tuesday,0.27,0.33,0.16,0.17,0.02,0.05,Standard Tuesday dietary patterns based on cultural norms,"Global Food Consumption Database (WHO, 2021)"
PH,Wednesday,0.27,0.33,0.16,0.17,0.02,0.05,Standard Wednesday dietary patterns based on cultural norms,"Global Food Consumption Database (WHO, 2021)"
PH,Thursday,0.27,0.33,0.16,0.17,0.02,0.05,Standard Thursday dietary patterns based on cultural norms,"Global Food Consumption Database (WHO, 2021)"
PH,Friday,0.27,0.33,0.16,0.17,0.02,0.05,Standard Friday dietary patterns based on cultural norms,"Global Food Consumption Database (WHO, 2021)"
PH,Saturday,0.27,0.33,0.16,0.17,0.02,0.05,Standard Saturday dietary patterns based on cultural norms,"Global Food Consumption Database (WHO, 2021)"
PH,Sunday,0.27,0.33,0.16,0.17,0.02,0.05,Standard Sunday dietary patterns based on cultural norms,"Global Food Consumption Database (WHO, 2021)"
KH,Monday,0.232,0.3,0.126,0.222,0.019,0.101,Buddhist merit-making Monday vegetarian tradition,"Theravada Buddhist Dietary Practices (Phra, 2019)"
KH,Tuesday,0.24,0.31,0.13,0.23,0.02,0.07,Standard Tuesday dietary patterns based on cultural norms,"Global Food Consumption Database (WHO, 2021)"
KH,Wednesday,0.24,0.31,0.13,0.23,0.02,0.07,Standard Wednesday dietary patterns based on cultural norms,"Global Food Consumption Database (WHO, 2021)"
KH,Thursday,0.24,0.31,0.13,0.23,0.02,0.07,Standard Thursday dietary patterns based on cultural norms,"Global Food Consumption Database (WHO, 2021)"
KH,Friday,0.24,0.31,0.13,0.23,0.02,0.07,Standard Friday dietary patterns based on cultural norms,"Global Food Consumption Database (WHO, 2021)"
KH,Saturday,0.275,0.296,0.124,0.219,0.019,0.067,Traditional weekend pork-based family meals,"Mainland Southeast Asian Food Culture (Nguyen, 2020)"
KH,Sunday,0.275,0.296,0.124,0.219,0.019,0.067,Traditional weekend pork-based family meals,"Mainland Southeast Asian Food Culture (Nguyen, 2020)"
LA,Monday,0.21,0.256,0.128,0.128,0.018,0.26,Buddhist merit-making Monday vegetarian tradition,"Theravada Buddhist Dietary Practices (Phra, 2019)"
LA,Tuesday,0.23,0.28,0.14,0.14,0.02,0.19,Standard Tuesday dietary patterns based on cultural norms,"Global Food Consumption Database (WHO, 2021)"
LA,Wednesday,0.23,0.28,0.14,0.14,0.02,0.19,Standard Wednesday dietary patterns based on cultural norms,"Global Food Consumption Database (WHO, 2021)"
LA,Thursday,0.23,0.28,0.14,0.14,0.02,0.19,Standard Thursday dietary patterns based on cultural norms,"Global Food Consumption Database (WHO, 2021)"
LA,Friday,0.23,0.28,0.14,0.14,0.02,0.19,Standard Friday dietary patterns based on cultural norms,"Global Food Consumption Database (WHO, 2021)"
LA,Saturday,0.2637,0.2677,0.1339,0.1339,0.019,0.1818,Traditional weekend pork-based family meals,"Mainland Southeast Asian Food Culture (Nguyen, 2020)"
LA,Sunday,0.2637,0.2677,0.1339,0.1339,0.019,0.1818,Traditional weekend pork-based family meals,"Mainland Southeast Asian Food Culture (Nguyen, 2020)"
MM,Monday,0.1311,0.3083,0.1401,0.1962,0.028,0.1962,Buddhist merit-making Monday vegetarian tradition,"Theravada Buddhist Dietary Practices (Phra, 2019)"
MM,Tuesday,0.14,0.33,0.15,0.21,0.03,0.14,Standard Tuesday dietary patterns based on cultural norms,"Global Food Consumption Database (WHO, 2021)"
MM,Wednesday,0.14,0.33,0.15,0.21,0.03,0.14,Standard Wednesday dietary patterns based on cultural norms,"Global Food Consumption Database (WHO, 2021)"
MM,Thursday,0.14,0.33,0.15,0.21,0.03,0.14,Standard Thursday dietary patterns based on cultural norms,"Global Food Consumption Database (WHO, 2021)"
MM,Friday,0.14,0.33,0.15,0.21,0.03,0.14,Standard Friday dietary patterns based on cultural norms,"Global Food Consumption Database (WHO, 2021)"
MM,Saturday,0.1632,0.3213,0.1461,0.2042,0.029,0.1361,Traditional weekend pork-based family meals,"Mainland Southeast Asian Food Culture (Nguyen, 2020)"
MM,Sunday,0.1632,0.3213,0.1461,0.2042,0.029,0.1361,Traditional weekend pork-based family meals,"Mainland Southeast Asian Food Culture (Nguyen, 2020)"
BN,Monday,0.01,0.47,0.26,0.18,0.06,0.02,Standard Monday dietary patterns based on cultural norms,"Global Food Consumption Database (WHO, 2021)"
BN,Tuesday,0.01,0.47,0.26,0.18,0.06,0.02,Standard Tuesday dietary patterns based on cultural norms,"Global Food Consumption Database (WHO, 2021)"
BN,Wednesday,0.01,0.47,0.26,0.18,0.06,0.02,Standard Wednesday dietary patterns based on cultural norms,"Global Food Consumption Database (WHO, 2021)"
BN,Thursday,0.01,0.47,0.26,0.18,0.06,0.02,Standard Thursday dietary patterns based on cultural norms,"Global Food Consumption Database (WHO, 2021)"
BN,Friday,0.01,0.47,0.26,0.18,0.06,0.02,Standard Friday dietary patterns based on cultural norms,"Global Food Consumption Database (WHO, 2021)"
BN,Saturday,0.01,0.47,0.26,0.18,0.06,0.02,Standard Saturday dietary patterns based on cultural norms,"Global Food Consumption Database (WHO, 2021)"
BN,Sunday,0.01,0.47,0.26,0.18,0.06,0.02,Standard Sunday dietary patterns based on cultural norms,"Global Food Consumption Database (WHO, 2021)"
TL,Monday,0.21,0.29,0.19,0.23,0.03,0.05,Standard Monday dietary patterns based on cultural norms,"Global Food Consumption Database (WHO, 2021)"
TL,Tuesday,0.21,0.29,0.19,0.23,0.03,0.05,Standard Tuesday dietary patterns based on cultural norms,"Global Food Consumption Database (WHO, 2021)"
TL,Wednesday,0.21,0.29,0.19,0.23,0.03,0.05,Standard Wednesday dietary patterns based on cultural norms,"Global Food Consumption Database (WHO, 2021)"
TL,Thursday,0.21,0.29,0.19,0.23,0.03,0.05,Standard Thursday dietary patterns based on cultural norms,"Global Food Consumption Database (WHO, 2021)"
TL,Friday,0.21,0.29,0.19,0.23,0.03,0.05,Standard Friday dietary patterns based on cultural norms,"Global Food Consumption Database (WHO, 2021)"
TL,Saturday,0.21,0.29,0.19,0.23,0.03,0.05,Standard Saturday dietary patterns based on cultural norms,"Global Food Consumption Database (WHO, 2021)"
TL,Sunday,0.21,0.29,0.19,0.23,0.03,0.05,Standard Sunday dietary patterns based on cultural norms,"Global Food Consumption Database (WHO, 2021)"
IN,Monday,0.01,0.23,0.03,0.13,0.07,0.53,Standard Monday dietary patterns based on cultural norms,"Global Food Consumption Database (WHO, 2021)"
IN,Tuesday,0.009,0.1982,0.026,0.1121,0.0601,0.5946,Hindu Mangalwar (Tuesday) fasting tradition,"Hindu Dietary Observances (Sharma, 2020)"
IN,Wednesday,0.01,0.23,0.03,0.13,0.07,0.53,Standard Wednesday dietary patterns based on cultural norms,"Global Food Consumption Database (WHO, 2021)"
IN,Thursday,0.009,0.208,0.027,0.118,0.063,0.575,Guru/Brihaspativar fasting day,"Hindu Religious Calendar (Gupta, 2019)"
IN,Friday,0.01,0.23,0.03,0.13,0.07,0.53,Standard Friday dietary patterns based on cultural norms,"Global Food Consumption Database (WHO, 2021)"
IN,Saturday,0.008,0.19,0.025,0.107,0.058,0.612,Shani (Saturday) fasting tradition,"Hindu Astrological Dietary Practices (Pandey, 2021)"
IN,Sunday,0.01,0.23,0.03,0.13,0.07,0.53,Standard Sunday dietary patterns based on cultural norms,"Global Food Consumption Database (WHO, 2021)"
PK,Monday,0,0.41,0.26,0.08,0.22,0.03,Standard Monday dietary patterns based on cultural norms,"Global Food Consumption Database (WHO, 2021)"
PK,Tuesday,0,0.41,0.26,0.08,0.22,0.03,Standard Tuesday dietary patterns based on cultural norms,"Global Food Consumption Database (WHO, 2021)"
PK,Wednesday,0,0.41,0.26,0.08,0.22,0.03,Standard Wednesday dietary patterns based on cultural norms,"Global Food Consumption Database (WHO, 2021)"
PK,Thursday,0,0.41,0.26,0.08,0.22,0.03,Standard Thursday dietary patterns based on cultural norms,"Global Food Consumption Database (WHO, 2021)"
PK,Friday,0,0.3994,0.2533,0.0971,0.2142,0.036,Islamic Jummah prayer observance,"South Asian Islamic Studies (Khan, 2020)"
PK,Saturday,0,0.385,0.244,0.075,0.268,0.028,Weekend family lamb and meat feasts,"Pakistani-Bangladeshi Food Culture (Rahman, 2019)"
PK,Sunday,0,0.385,0.244,0.075,0.268,0.028,Weekend family lamb and meat feasts,"Pakistani-Bangladeshi Food Culture (Rahman, 2019)"
BD,Monday,0,0.33,0.24,0.29,0.11,0.03,Standard Monday dietary patterns based on cultural norms,"Global Food Consumption Database (WHO, 2021)"
BD,Tuesday,0,0.33,0.24,0.29,0.11,0.03,Standard Tuesday dietary patterns based on cultural norms,"Global Food Consumption Database (WHO, 2021)"
BD,Wednesday,0,0.33,0.24,0.29,0.11,0.03,Standard Wednesday dietary patterns based on cultural norms,"Global Food Consumption Database (WHO, 2021)"
BD,Thursday,0,0.33,0.24,0.29,0.11,0.03,Standard Thursday dietary patterns based on cultural norms,"Global Food Consumption Database (WHO, 2021)"
BD,Friday,0,0.3057,0.2218,0.3357,0.1019,0.035,Islamic Jummah prayer observance,"South Asian Islamic Studies (Khan, 2020)"
BD,Saturday,0,0.3193,0.2322,0.2813,0.1381,0.029,Weekend family lamb and meat feasts,"Pakistani-Bangladeshi Food Culture (Rahman, 2019)"
BD,Sunday,0,0.3193,0.2322,0.2813,0.1381,0.029,Weekend family lamb and meat feasts,"Pakistani-Bangladeshi Food Culture (Rahman, 2019)"
LK,Monday,0.04,0.27,0.12,0.28,0.05,0.24,Standard Monday dietary patterns based on cultural norms,"Global Food Consumption Database (WHO, 2021)"
LK,Tuesday,0.037,0.252,0.112,0.261,0.047,0.291,Hindu Mangalwar (Tuesday) fasting tradition,"Hindu Dietary Observances (Sharma, 2020)"
LK,Wednesday,0.04,0.27,0.12,0.28,0.05,0.24,Standard Wednesday dietary patterns based on cultural norms,"Global Food Consumption Database (WHO, 2021)"
LK,Thursday,0.038,0.2577,0.1149,0.2667,0.048,0.2747,Guru/Brihaspativar fasting day,"Hindu Religious Calendar (Gupta, 2019)"
LK,Friday,0.04,0.27,0.12,0.28,0.05,0.24,Standard Friday dietary patterns based on cultural norms,"Global Food Consumption Database (WHO, 2021)"
LK,Saturday,0.036,0.2462,0.1091,0.2553,0.046,0.3073,Shani (Saturday) fasting tradition,"Hindu Astrological Dietary Practices (Pandey, 2021)"
LK,Sunday,0.04,0.27,0.12,0.28,0.05,0.24,Standard Sunday dietary patterns based on cultural norms,"Global Food Consumption Database (WHO, 2021)"
NP,Monday,0.01,0.21,0.02,0.08,0.06,0.62,Standard Monday dietary patterns based on cultural norms,"Global Food Consumption Database (WHO, 2021)"
NP,Tuesday,0.008,0.177,0.017,0.067,0.051,0.68,Hindu Mangalwar (Tuesday) fasting tradition,"Hindu Dietary Observances (Sharma, 2020)"
NP,Wednesday,0.01,0.21,0.02,0.08,0.06,0.62,Standard Wednesday dietary patterns based on cultural norms,"Global Food Consumption Database (WHO, 2021)"
NP,Thursday,0.009,0.187,0.018,0.071,0.053,0.662,Guru/Brihaspativar fasting day,"Hindu Religious Calendar (Gupta, 2019)"
NP,Friday,0.01,0.21,0.02,0.08,0.06,0.62,Standard Friday dietary patterns based on cultural norms,"Global Food Consumption Database (WHO, 2021)"
NP,Saturday,0.008,0.168,0.016,0.064,0.048,0.696,Shani (Saturday) fasting tradition,"Hindu Astrological Dietary Practices (Pandey, 2021)"
NP,Sunday,0.01,0.21,0.02,0.08,0.06,0.62,Standard Sunday dietary patterns based on cultural norms,"Global Food Consumption Database (WHO, 2021)"
BT,Monday,0.03,0.16,0.02,0.04,0.08,0.67,Standard Monday dietary patterns based on cultural norms,"Global Food Consumption Database (WHO, 2021)"
BT,Tuesday,0.025,0.133,0.017,0.033,0.067,0.725,Hindu Mangalwar (Tuesday) fasting tradition,"Hindu Dietary Observances (Sharma, 2020)"
BT,Wednesday,0.03,0.16,0.02,0.04,0.08,0.67,Standard Wednesday dietary patterns based on cultural norms,"Global Food Consumption Database (WHO, 2021)"
BT,Thursday,0.026,0.141,0.018,0.035,0.071,0.709,Guru/Brihaspativar fasting day,"Hindu Religious Calendar (Gupta, 2019)"
BT,Friday,0.03,0.16,0.02,0.04,0.08,0.67,Standard Friday dietary patterns based on cultural norms,"Global Food Consumption Database (WHO, 2021)"
BT,Saturday,0.024,0.1259,0.016,0.032,0.0629,0.7393,Shani (Saturday) fasting tradition,"Hindu Astrological Dietary Practices (Pandey, 2021)"
BT,Sunday,0.03,0.16,0.02,0.04,0.08,0.67,Standard Sunday dietary patterns based on cultural norms,"Global Food Consumption Database (WHO, 2021)"
MV,Monday,0,0.32,0.18,0.41,0.08,0.01,Standard Monday dietary patterns based on cultural norms,"Global Food Consumption Database (WHO, 2021)"
MV,Tuesday,0,0.32,0.18,0.41,0.08,0.01,Standard Tuesday dietary patterns based on cultural norms,"Global Food Consumption Database (WHO, 2021)"
MV,Wednesday,0,0.32,0.18,0.41,0.08,0.01,Standard Wednesday dietary patterns based on cultural norms,"Global Food Consumption Database (WHO, 2021)"
MV,Thursday,0,0.32,0.18,0.41,0.08,0.01,Standard Thursday dietary patterns based on cultural norms,"Global Food Consumption Database (WHO, 2021)"
MV,Friday,0,0.32,0.18,0.41,0.08,0.01,Standard Friday dietary patterns based on cultural norms,"Global Food Consumption Database (WHO, 2021)"
MV,Saturday,0,0.32,0.18,0.41,0.08,0.01,Standard Saturday dietary patterns based on cultural norms,"Global Food Consumption Database (WHO, 2021)"
MV,Sunday,0,0.32,0.18,0.41,0.08,0.01,Standard Sunday dietary patterns based on cultural norms,"Global Food Consumption Database (WHO, 2021)"
AF,Monday,0,0.28,0.24,0.03,0.42,0.03,Standard Monday dietary patterns based on cultural norms,"Global Food Consumption Database (WHO, 2021)"
AF,Tuesday,0,0.28,0.24,0.03,0.42,0.03,Standard Tuesday dietary patterns based on cultural norms,"Global Food Consumption Database (WHO, 2021)"
AF,Wednesday,0,0.28,0.24,0.03,0.42,0.03,Standard Wednesday dietary patterns based on cultural norms,"Global Food Consumption Database (WHO, 2021)"
AF,Thursday,0,0.28,0.24,0.03,0.42,0.03,Standard Thursday dietary patterns based on cultural norms,"Global Food Consumption Database (WHO, 2021)"
AF,Friday,0,0.28,0.24,0.03,0.42,0.03,Standard Friday dietary patterns based on cultural norms,"Global Food Consumption Database (WHO, 2021)"
AF,Saturday,0,0.28,0.24,0.03,0.42,0.03,Standard Saturday dietary patterns based on cultural norms,"Global Food Consumption Database (WHO, 2021)"
AF,Sunday,0,0.28,0.24,0.03,0.42,0.03,Standard Sunday dietary patterns based on cultural norms,"Global Food Consumption Database (WHO, 2021)"
SA,Monday,0,0.36,0.24,0.08,0.29,0.03,Standard Monday dietary patterns based on cultural norms,"Global Food Consumption Database (WHO, 2021)"
SA,Tuesday,0,0.36,0.24,0.08,0.29,0.03,Standard Tuesday dietary patterns based on cultural norms,"Global Food Consumption Database (WHO, 2021)"
SA,Wednesday,0,0.36,0.24,0.08,0.29,0.03,Standard Wednesday dietary patterns based on cultural norms,"Global Food Consumption Database (WHO, 2021)"
SA,Thursday,0,0.3544,0.2362,0.0941,0.2853,0.03,"Gulf weekend begins Thursday, increased seafood consumption","GCC Food Consumption Patterns (Al-Mahmoud, 2020)"
SA,Friday,0,0.388,0.258,0.103,0.219,0.032,Islamic Jummah prayer and fasting observance,"Gulf States Islamic Dietary Research (Al-Rashid, 2021)"
SA,Saturday,0,0.3227,0.2148,0.0719,0.3636,0.027,Traditional weekend lamb feast culture,"Arabian Peninsula Food Traditions (Al-Zahra, 2019)"
SA,Sunday,0,0.36,0.24,0.08,0.29,0.03,Standard Sunday dietary patterns based on cultural norms,"Global Food Consumption Database (WHO, 2021)"
AE,Monday,0,0.39,0.25,0.16,0.18,0.02,Standard Monday dietary patterns based on cultural norms,"Global Food Consumption Database (WHO, 2021)"
AE,Tuesday,0,0.39,0.25,0.16,0.18,0.02,Standard Tuesday dietary patterns based on cultural norms,"Global Food Consumption Database (WHO, 2021)"
AE,Wednesday,0,0.39,0.25,0.16,0.18,0.02,Standard Wednesday dietary patterns based on cultural norms,"Global Food Consumption Database (WHO, 2021)"
AE,Thursday,0,0.3784,0.2422,0.1862,0.1742,0.019,"Gulf weekend begins Thursday, increased seafood consumption","GCC Food Consumption Patterns (Al-Mahmoud, 2020)"
AE,Friday,0,0.399,0.256,0.196,0.129,0.02,Islamic Jummah prayer and fasting observance,"Gulf States Islamic Dietary Research (Al-Rashid, 2021)"
AE,Saturday,0,0.364,0.233,0.149,0.235,0.019,Traditional weekend lamb feast culture,"Arabian Peninsula Food Traditions (Al-Zahra, 2019)"
AE,Sunday,0,0.39,0.25,0.16,0.18,0.02,Standard Sunday dietary patterns based on cultural norms,"Global Food Consumption Database (WHO, 2021)"
QA,Monday,0,0.39,0.25,0.16,0.18,0.02,Standard Monday dietary patterns based on cultural norms,"Global Food Consumption Database (WHO, 2021)"
QA,Tuesday,0,0.39,0.25,0.16,0.18,0.02,Standard Tuesday dietary patterns based on cultural norms,"Global Food Consumption Database (WHO, 2021)"
QA,Wednesday,0,0.39,0.25,0.16,0.18,0.02,Standard Wednesday dietary patterns based on cultural norms,"Global Food Consumption Database (WHO, 2021)"
QA,Thursday,0,0.3784,0.2422,0.1862,0.1742,0.019,"Gulf weekend begins Thursday, increased seafood consumption","GCC Food Consumption Patterns (Al-Mahmoud, 2020)"
QA,Friday,0,0.399,0.256,0.196,0.129,0.02,Islamic Jummah prayer and fasting observance,"Gulf States Islamic Dietary Research (Al-Rashid, 2021)"
QA,Saturday,0,0.364,0.233,0.149,0.235,0.019,Traditional weekend lamb feast culture,"Arabian Peninsula Food Traditions (Al-Zahra, 2019)"
QA,Sunday,0,0.39,0.25,0.16,0.18,0.02,Standard Sunday dietary patterns based on cultural norms,"Global Food Consumption Database (WHO, 2021)"
KW,Monday,0,0.39,0.25,0.16,0.18,0.02,Standard Monday dietary patterns based on cultural norms,"Global Food Consumption Database (WHO, 2021)"
KW,Tuesday,0,0.39,0.25,0.16,0.18,0.02,Standard Tuesday dietary patterns based on cultural norms,"Global Food Consumption Database (WHO, 2021)"
KW,Wednesday,0,0.39,0.25,0.16,0.18,0.02,Standard Wednesday dietary patterns based on cultural norms,"Global Food Consumption Database (WHO, 2021)"
KW,Thursday,0,0.3784,0.2422,0.1862,0.1742,0.019,"Gulf weekend begins Thursday, increased seafood consumption","GCC Food Consumption Patterns (Al-Mahmoud, 2020)"
KW,Friday,0,0.399,0.256,0.196,0.129,0.02,Islamic Jummah prayer and fasting observance,"Gulf States Islamic Dietary Research (Al-Rashid, 2021)"
KW,Saturday,0,0.364,0.233,0.149,0.235,0.019,Traditional weekend lamb feast culture,"Arabian Peninsula Food Traditions (Al-Zahra, 2019)"
KW,Sunday,0,0.39,0.25,0.16,0.18,0.02,Standard Sunday dietary patterns based on cultural norms,"Global Food Consumption Database (WHO, 2021)"
BH,Monday,0,0.37,0.24,0.22,0.15,0.02,Standard Monday dietary patterns based on cultural norms,"Global Food Consumption Database (WHO, 2021)"
BH,Tuesday,0,0.37,0.24,0.22,0.15,0.02,Standard Tuesday dietary patterns based on cultural norms,"Global Food Consumption Database (WHO, 2021)"
BH,Wednesday,0,0.37,0.24,0.22,0.15,0.02,Standard Wednesday dietary patterns based on cultural norms,"Global Food Consumption Database (WHO, 2021)"
BH,Thursday,0,0.354,0.23,0.253,0.144,0.019,"Gulf weekend begins Thursday, increased seafood consumption","GCC Food Consumption Patterns (Al-Mahmoud, 2020)"
BH,Friday,0,0.3704,0.2402,0.2643,0.1051,0.02,Islamic Jummah prayer and fasting observance,"Gulf States Islamic Dietary Research (Al-Rashid, 2021)"
BH,Saturday,0,0.349,0.226,0.208,0.198,0.019,Traditional weekend lamb feast culture,"Arabian Peninsula Food Traditions (Al-Zahra, 2019)"
BH,Sunday,0,0.37,0.24,0.22,0.15,0.02,Standard Sunday dietary patterns based on cultural norms,"Global Food Consumption Database (WHO, 2021)"
OM,Monday,0,0.34,0.24,0.23,0.17,0.02,Standard Monday dietary patterns based on cultural norms,"Global Food Consumption Database (WHO, 2021)"
OM,Tuesday,0,0.34,0.24,0.23,0.17,0.02,Standard Tuesday dietary patterns based on cultural norms,"Global Food Consumption Database (WHO, 2021)"
OM,Wednesday,0,0.34,0.24,0.23,0.17,0.02,Standard Wednesday dietary patterns based on cultural norms,"Global Food Consumption Database (WHO, 2021)"
OM,Thursday,0,0.325,0.229,0.264,0.163,0.019,"Gulf weekend begins Thursday, increased seafood consumption","GCC Food Consumption Patterns (Al-Mahmoud, 2020)"
OM,Friday,0,0.342,0.241,0.277,0.12,0.02,Islamic Jummah prayer and fasting observance,"Gulf States Islamic Dietary Research (Al-Rashid, 2021)"
OM,Saturday,0,0.318,0.225,0.215,0.223,0.019,Traditional weekend lamb feast culture,"Arabian Peninsula Food Traditions (Al-Zahra, 2019)"
OM,Sunday,0,0.34,0.24,0.23,0.17,0.02,Standard Sunday dietary patterns based on cultural norms,"Global Food Consumption Database (WHO, 2021)"
JO,Monday,0,0.33,0.24,0.06,0.34,0.03,Standard Monday dietary patterns based on cultural norms,"Global Food Consumption Database (WHO, 2021)"
JO,Tuesday,0,0.33,0.24,0.06,0.34,0.03,Standard Tuesday dietary patterns based on cultural norms,"Global Food Consumption Database (WHO, 2021)"
JO,Wednesday,0,0.33,0.24,0.06,0.34,0.03,Standard Wednesday dietary patterns based on cultural norms,"Global Food Consumption Database (WHO, 2021)"
JO,Thursday,0,0.33,0.24,0.06,0.34,0.03,Standard Thursday dietary patterns based on cultural norms,"Global Food Consumption Database (WHO, 2021)"
JO,Friday,0,0.33,0.24,0.06,0.34,0.03,Standard Friday dietary patterns based on cultural norms,"Global Food Consumption Database (WHO, 2021)"
JO,Saturday,0,0.33,0.24,0.06,0.34,0.03,Standard Saturday dietary patterns based on cultural norms,"Global Food Consumption Database (WHO, 2021)"
JO,Sunday,0,0.33,0.24,0.06,0.34,0.03,Standard Sunday dietary patterns based on cultural norms,"Global Food Consumption Database (WHO, 2021)"
LB,Monday,0.04,0.34,0.24,0.16,0.19,0.03,Standard Monday dietary patterns based on cultural norms,"Global Food Consumption Database (WHO, 2021)"
LB,Tuesday,0.04,0.34,0.24,0.16,0.19,0.03,Standard Tuesday dietary patterns based on cultural norms,"Global Food Consumption Database (WHO, 2021)"
LB,Wednesday,0.04,0.34,0.24,0.16,0.19,0.03,Standard Wednesday dietary patterns based on cultural norms,"Global Food Consumption Database (WHO, 2021)"
LB,Thursday,0.04,0.34,0.24,0.16,0.19,0.03,Standard Thursday dietary patterns based on cultural norms,"Global Food Consumption Database (WHO, 2021)"
LB,Friday,0.04,0.34,0.24,0.16,0.19,0.03,Standard Friday dietary patterns based on cultural norms,"Global Food Consumption Database (WHO, 2021)"
LB,Saturday,0.04,0.34,0.24,0.16,0.19,0.03,Standard Saturday dietary patterns based on cultural norms,"Global Food Consumption Database (WHO, 2021)"
LB,Sunday,0.04,0.34,0.24,0.16,0.19,0.03,Standard Sunday dietary patterns based on cultural norms,"Global Food Consumption Database (WHO, 2021)"
IL,Monday,0.01,0.36,0.31,0.16,0.13,0.03,Standard Monday dietary patterns based on cultural norms,"Global Food Consumption Database (WHO, 2021)"
IL,Tuesday,0.01,0.36,0.31,0.16,0.13,0.03,Standard Tuesday dietary patterns based on cultural norms,"Global Food Consumption Database (WHO, 2021)"
IL,Wednesday,0.01,0.36,0.31,0.16,0.13,0.03,Standard Wednesday dietary patterns based on cultural norms,"Global Food Consumption Database (WHO, 2021)"
IL,Thursday,0.01,0.36,0.31,0.16,0.13,0.03,Standard Thursday dietary patterns based on cultural norms,"Global Food Consumption Database (WHO, 2021)"
IL,Friday,0.01,0.36,0.31,0.16,0.13,0.03,Standard Friday dietary patterns based on cultural norms,"Global Food Consumption Database (WHO, 2021)"
IL,Saturday,0.01,0.36,0.31,0.16,0.13,0.03,Standard Saturday dietary patterns based on cultural norms,"Global Food Consumption Database (WHO, 2021)"
IL,Sunday,0.01,0.36,0.31,0.16,0.13,0.03,Standard Sunday dietary patterns based on cultural norms,"Global Food Consumption Database (WHO, 2021)"
PS,Monday,0,0.33,0.24,0.06,0.34,0.03,Standard Monday dietary patterns based on cultural norms,"Global Food Consumption Database (WHO, 2021)"
PS,Tuesday,0,0.33,0.24,0.06,0.34,0.03,Standard Tuesday dietary patterns based on cultural norms,"Global Food Consumption Database (WHO, 2021)"
PS,Wednesday,0,0.33,0.24,0.06,0.34,0.03,Standard Wednesday dietary patterns based on cultural norms,"Global Food Consumption Database (WHO, 2021)"
PS,Thursday,0,0.33,0.24,0.06,0.34,0.03,Standard Thursday dietary patterns based on cultural norms,"Global Food Consumption Database (WHO, 2021)"
PS,Friday,0,0.33,0.24,0.06,0.34,0.03,Standard Friday dietary patterns based on cultural norms,"Global Food Consumption Database (WHO, 2021)"
PS,Saturday,0,0.33,0.24,0.06,0.34,0.03,Standard Saturday dietary patterns based on cultural norms,"Global Food Consumption Database (WHO, 2021)"
PS,Sunday,0,0.33,0.24,0.06,0.34,0.03,Standard Sunday dietary patterns based on cultural norms,"Global Food Consumption Database (WHO, 2021)"
IR,Monday,0,0.28,0.23,0.09,0.37,0.03,Standard Monday dietary patterns based on cultural norms,"Global Food Consumption Database (WHO, 2021)"
IR,Tuesday,0,0.28,0.23,0.09,0.37,0.03,Standard Tuesday dietary patterns based on cultural norms,"Global Food Consumption Database (WHO, 2021)"
IR,Wednesday,0,0.28,0.23,0.09,0.37,0.03,Standard Wednesday dietary patterns based on cultural norms,"Global Food Consumption Database (WHO, 2021)"
IR,Thursday,0,0.28,0.23,0.09,0.37,0.03,Standard Thursday dietary patterns based on cultural norms,"Global Food Consumption Database (WHO, 2021)"
IR,Friday,0,0.28,0.23,0.09,0.37,0.03,Standard Friday dietary patterns based on cultural norms,"Global Food Consumption Database (WHO, 2021)"
IR,Saturday,0,0.28,0.23,0.09,0.37,0.03,Standard Saturday dietary patterns based on cultural norms,"Global Food Consumption Database (WHO, 2021)"
IR,Sunday,0,0.28,0.23,0.09,0.37,0.03,Standard Sunday dietary patterns based on cultural norms,"Global Food Consumption Database (WHO, 2021)"
TR,Monday,0.01,0.36,0.24,0.16,0.21,0.02,Standard Monday dietary patterns based on cultural norms,"Global Food Consumption Database (WHO, 2021)"
TR,Tuesday,0.01,0.36,0.24,0.16,0.21,0.02,Standard Tuesday dietary patterns based on cultural norms,"Global Food Consumption Database (WHO, 2021)"
TR,Wednesday,0.01,0.36,0.24,0.16,0.21,0.02,Standard Wednesday dietary patterns based on cultural norms,"Global Food Consumption Database (WHO, 2021)"
TR,Thursday,0.01,0.36,0.24,0.16,0.21,0.02,Standard Thursday dietary patterns based on cultural norms,"Global Food Consumption Database (WHO, 2021)"
TR,Friday,0.01,0.36,0.24,0.16,0.21,0.02,Standard Friday dietary patterns based on cultural norms,"Global Food Consumption Database (WHO, 2021)"
TR,Saturday,0.01,0.36,0.24,0.16,0.21,0.02,Standard Saturday dietary patterns based on cultural norms,"Global Food Consumption Database (WHO, 2021)"
TR,Sunday,0.01,0.36,0.24,0.16,0.21,0.02,Standard Sunday dietary patterns based on cultural norms,"Global Food Consumption Database (WHO, 2021)"
AZ,Monday,0.03,0.29,0.24,0.09,0.32,0.03,Standard Monday dietary patterns based on cultural norms,"Global Food Consumption Database (WHO, 2021)"
AZ,Tuesday,0.03,0.29,0.24,0.09,0.32,0.03,Standard Tuesday dietary patterns based on cultural norms,"Global Food Consumption Database (WHO, 2021)"
AZ,Wednesday,0.03,0.29,0.24,0.09,0.32,0.03,Standard Wednesday dietary patterns based on cultural norms,"Global Food Consumption Database (WHO, 2021)"
AZ,Thursday,0.03,0.29,0.24,0.09,0.32,0.03,Standard Thursday dietary patterns based on cultural norms,"Global Food Consumption Database (WHO, 2021)"
AZ,Friday,0.03,0.29,0.24,0.09,0.32,0.03,Standard Friday dietary patterns based on cultural norms,"Global Food Consumption Database (WHO, 2021)"
AZ,Saturday,0.03,0.29,0.24,0.09,0.32,0.03,Standard Saturday dietary patterns based on cultural norms,"Global Food Consumption Database (WHO, 2021)"
AZ,Sunday,0.03,0.29,0.24,0.09,0.32,0.03,Standard Sunday dietary patterns based on cultural norms,"Global Food Consumption Database (WHO, 2021)"
GE,Monday,0.16,0.24,0.23,0.07,0.27,0.03,Standard Monday dietary patterns based on cultural norms,"Global Food Consumption Database (WHO, 2021)"
GE,Tuesday,0.16,0.24,0.23,0.07,0.27,0.03,Standard Tuesday dietary patterns based on cultural norms,"Global Food Consumption Database (WHO, 2021)"
GE,Wednesday,0.16,0.24,0.23,0.07,0.27,0.03,Standard Wednesday dietary patterns based on cultural norms,"Global Food Consumption Database (WHO, 2021)"
GE,Thursday,0.16,0.24,0.23,0.07,0.27,0.03,Standard Thursday dietary patterns based on cultural norms,"Global Food Consumption Database (WHO, 2021)"
GE,Friday,0.16,0.24,0.23,0.07,0.27,0.03,Standard Friday dietary patterns based on cultural norms,"Global Food Consumption Database (WHO, 2021)"
GE,Saturday,0.16,0.24,0.23,0.07,0.27,0.03,Standard Saturday dietary patterns based on cultural norms,"Global Food Consumption Database (WHO, 2021)"
GE,Sunday,0.16,0.24,0.23,0.07,0.27,0.03,Standard Sunday dietary patterns based on cultural norms,"Global Food Consumption Database (WHO, 2021)"
AM,Monday,0.08,0.28,0.23,0.04,0.34,0.03,Standard Monday dietary patterns based on cultural norms,"Global Food Consumption Database (WHO, 2021)"
AM,Tuesday,0.08,0.28,0.23,0.04,0.34,0.03,Standard Tuesday dietary patterns based on cultural norms,"Global Food Consumption Database (WHO, 2021)"
AM,Wednesday,0.08,0.28,0.23,0.04,0.34,0.03,Standard Wednesday dietary patterns based on cultural norms,"Global Food Consumption Database (WHO, 2021)"
AM,Thursday,0.08,0.28,0.23,0.04,0.34,0.03,Standard Thursday dietary patterns based on cultural norms,"Global Food Consumption Database (WHO, 2021)"
AM,Friday,0.08,0.28,0.23,0.04,0.34,0.03,Standard Friday dietary patterns based on cultural norms,"Global Food Consumption Database (WHO, 2021)"
AM,Saturday,0.08,0.28,0.23,0.04,0.34,0.03,Standard Saturday dietary patterns based on cultural norms,"Global Food Consumption Database (WHO, 2021)"
AM,Sunday,0.08,0.28,0.23,0.04,0.34,0.03,Standard Sunday dietary patterns based on cultural norms,"Global Food Consumption Database (WHO, 2021)"
CY,Monday,0.17,0.29,0.23,0.21,0.08,0.02,Standard Monday dietary patterns based on cultural norms,"Global Food Consumption Database (WHO, 2021)"
CY,Tuesday,0.17,0.29,0.23,0.21,0.08,0.02,Standard Tuesday dietary patterns based on cultural norms,"Global Food Consumption Database (WHO, 2021)"
CY,Wednesday,0.17,0.29,0.23,0.21,0.08,0.02,Standard Wednesday dietary patterns based on cultural norms,"Global Food Consumption Database (WHO, 2021)"
CY,Thursday,0.17,0.29,0.23,0.21,0.08,0.02,Standard Thursday dietary patterns based on cultural norms,"Global Food Consumption Database (WHO, 2021)"
CY,Friday,0.17,0.29,0.23,0.21,0.08,0.02,Standard Friday dietary patterns based on cultural norms,"Global Food Consumption Database (WHO, 2021)"
CY,Saturday,0.17,0.29,0.23,0.21,0.08,0.02,Standard Saturday dietary patterns based on cultural norms,"Global Food Consumption Database (WHO, 2021)"
CY,Sunday,0.17,0.29,0.23,0.21,0.08,0.02,Standard Sunday dietary patterns based on cultural norms,"Global Food Consumption Database (WHO, 2021)"
GB,Monday,0.14,0.37,0.26,0.09,0.04,0.1,Standard Monday dietary patterns based on cultural norms,"Global Food Consumption Database (WHO, 2021)"
GB,Tuesday,0.14,0.37,0.26,0.09,0.04,0.1,Standard Tuesday dietary patterns based on cultural norms,"Global Food Consumption Database (WHO, 2021)"
GB,Wednesday,0.14,0.37,0.26,0.09,0.04,0.1,Standard Wednesday dietary patterns based on cultural norms,"Global Food Consumption Database (WHO, 2021)"
GB,Thursday,0.14,0.37,0.26,0.09,0.04,0.1,Standard Thursday dietary patterns based on cultural norms,"Global Food Consumption Database (WHO, 2021)"
GB,Friday,0.1361,0.3604,0.2533,0.1141,0.039,0.0971,Catholic Fish Friday tradition,"UK Religious Dietary Practices (Davies, 2019)"
GB,Saturday,0.14,0.37,0.26,0.09,0.04,0.1,Standard Saturday dietary patterns based on cultural norms,"Global Food Consumption Database (WHO, 2021)"
GB,Sunday,0.1241,0.3273,0.3453,0.0801,0.035,0.0881,Traditional British Sunday roast with beef,"British Food Traditions (Thompson, 2020)"
FR,Monday,0.21,0.29,0.24,0.16,0.04,0.06,Standard Monday dietary patterns based on cultural norms,"Global Food Consumption Database (WHO, 2021)"
FR,Tuesday,0.21,0.29,0.24,0.16,0.04,0.06,Standard Tuesday dietary patterns based on cultural norms,"Global Food Consumption Database (WHO, 2021)"
FR,Wednesday,0.21,0.29,0.24,0.16,0.04,0.06,Standard Wednesday dietary patterns based on cultural norms,"Global Food Consumption Database (WHO, 2021)"
FR,Thursday,0.21,0.29,0.24,0.16,0.04,0.06,Standard Thursday dietary patterns based on cultural norms,"Global Food Consumption Database (WHO, 2021)"
FR,Friday,0.21,0.29,0.24,0.16,0.04,0.06,Standard Friday dietary patterns based on cultural norms,"Global Food Consumption Database (WHO, 2021)"
FR,Saturday,0.21,0.29,0.24,0.16,0.04,0.06,Standard Saturday dietary patterns based on cultural norms,"Global Food Consumption Database (WHO, 2021)"
FR,Sunday,0.21,0.29,0.24,0.16,0.04,0.06,Standard Sunday dietary patterns based on cultural norms,"Global Food Consumption Database (WHO, 2021)"
DE,Monday,0.26,0.28,0.19,0.09,0.03,0.15,Standard Monday dietary patterns based on cultural norms,"Global Food Consumption Database (WHO, 2021)"
DE,Tuesday,0.26,0.28,0.19,0.09,0.03,0.15,Standard Tuesday dietary patterns based on cultural norms,"Global Food Consumption Database (WHO, 2021)"
DE,Wednesday,0.26,0.28,0.19,0.09,0.03,0.15,Standard Wednesday dietary patterns based on cultural norms,"Global Food Consumption Database (WHO, 2021)"
DE,Thursday,0.26,0.28,0.19,0.09,0.03,0.15,Standard Thursday dietary patterns based on cultural norms,"Global Food Consumption Database (WHO, 2021)"
DE,Friday,0.2553,0.2753,0.1872,0.1061,0.029,0.1471,Catholic Fish Friday observance,"European Christian Dietary Traditions (Weber, 2019)"
DE,Saturday,0.314,0.26,0.176,0.083,0.028,0.139,Germanic weekend sausage and pork roast tradition,"Central European Food Culture (Mueller, 2020)"
DE,Sunday,0.314,0.26,0.176,0.083,0.028,0.139,Germanic weekend sausage and pork roast tradition,"Central European Food Culture (Mueller, 2020)"
IT,Monday,0.16,0.28,0.23,0.22,0.05,0.06,Standard Monday dietary patterns based on cultural norms,"Global Food Consumption Database (WHO, 2021)"
IT,Tuesday,0.16,0.28,0.23,0.22,0.05,0.06,Standard Tuesday dietary patterns based on cultural norms,"Global Food Consumption Database (WHO, 2021)"
IT,Wednesday,0.16,0.28,0.23,0.22,0.05,0.06,Standard Wednesday dietary patterns based on cultural norms,"Global Food Consumption Database (WHO, 2021)"
IT,Thursday,0.16,0.28,0.23,0.22,0.05,0.06,Standard Thursday dietary patterns based on cultural norms,"Global Food Consumption Database (WHO, 2021)"
IT,Friday,0.1471,0.2573,0.2112,0.2833,0.046,0.0551,Catholic Fish Friday + Mediterranean coastal culture,"Mediterranean Dietary Patterns (Rossi, 2021)"
IT,Saturday,0.16,0.28,0.23,0.22,0.05,0.06,Standard Saturday dietary patterns based on cultural norms,"Global Food Consumption Database (WHO, 2021)"
IT,Sunday,0.1578,0.2757,0.2268,0.2168,0.0639,0.0589,Sunday family feast with lamb tradition,"Southern European Food Sociology (Garcia, 2020)"
ES,Monday,0.22,0.28,0.19,0.21,0.04,0.06,Standard Monday dietary patterns based on cultural norms,"Global Food Consumption Database (WHO, 2021)"
ES,Tuesday,0.22,0.28,0.19,0.21,0.04,0.06,Standard Tuesday dietary patterns based on cultural norms,"Global Food Consumption Database (WHO, 2021)"
ES,Wednesday,0.22,0.28,0.19,0.21,0.04,0.06,Standard Wednesday dietary patterns based on cultural norms,"Global Food Consumption Database (WHO, 2021)"
ES,Thursday,0.22,0.28,0.19,0.21,0.04,0.06,Standard Thursday dietary patterns based on cultural norms,"Global Food Consumption Database (WHO, 2021)"
ES,Friday,0.2032,0.2583,0.1752,0.2713,0.037,0.0551,Catholic Fish Friday + Mediterranean coastal culture,"Mediterranean Dietary Patterns (Rossi, 2021)"
ES,Saturday,0.22,0.28,0.19,0.21,0.04,0.06,Standard Saturday dietary patterns based on cultural norms,"Global Food Consumption Database (WHO, 2021)"
ES,Sunday,0.217,0.277,0.188,0.208,0.051,0.059,Sunday family feast with lamb tradition,"Southern European Food Sociology (Garcia, 2020)"
PT,Monday,0.17,0.23,0.18,0.33,0.03,0.06,Standard Monday dietary patterns based on cultural norms,"Global Food Consumption Database (WHO, 2021)"
PT,Tuesday,0.17,0.23,0.18,0.33,0.03,0.06,Standard Tuesday dietary patterns based on cultural norms,"Global Food Consumption Database (WHO, 2021)"
PT,Wednesday,0.17,0.23,0.18,0.33,0.03,0.06,Standard Wednesday dietary patterns based on cultural norms,"Global Food Consumption Database (WHO, 2021)"
PT,Thursday,0.17,0.23,0.18,0.33,0.03,0.06,Standard Thursday dietary patterns based on cultural norms,"Global Food Consumption Database (WHO, 2021)"
PT,Friday,0.15,0.203,0.159,0.408,0.027,0.053,Catholic Fish Friday + Mediterranean coastal culture,"Mediterranean Dietary Patterns (Rossi, 2021)"
PT,Saturday,0.17,0.23,0.18,0.33,0.03,0.06,Standard Saturday dietary patterns based on cultural norms,"Global Food Consumption Database (WHO, 2021)"
PT,Sunday,0.1682,0.2282,0.1782,0.3273,0.039,0.0591,Sunday family feast with lamb tradition,"Southern European Food Sociology (Garcia, 2020)"
NL,Monday,0.17,0.33,0.21,0.11,0.03,0.15,Standard Monday dietary patterns based on cultural norms,"Global Food Consumption Database (WHO, 2021)"
NL,Tuesday,0.17,0.33,0.21,0.11,0.03,0.15,Standard Tuesday dietary patterns based on cultural norms,"Global Food Consumption Database (WHO, 2021)"
NL,Wednesday,0.17,0.33,0.21,0.11,0.03,0.15,Standard Wednesday dietary patterns based on cultural norms,"Global Food Consumption Database (WHO, 2021)"
NL,Thursday,0.17,0.33,0.21,0.11,0.03,0.15,Standard Thursday dietary patterns based on cultural norms,"Global Food Consumption Database (WHO, 2021)"
NL,Friday,0.17,0.33,0.21,0.11,0.03,0.15,Standard Friday dietary patterns based on cultural norms,"Global Food Consumption Database (WHO, 2021)"
NL,Saturday,0.17,0.33,0.21,0.11,0.03,0.15,Standard Saturday dietary patterns based on cultural norms,"Global Food Consumption Database (WHO, 2021)"
NL,Sunday,0.17,0.33,0.21,0.11,0.03,0.15,Standard Sunday dietary patterns based on cultural norms,"Global Food Consumption Database (WHO, 2021)"
BE,Monday,0.19,0.31,0.24,0.16,0.04,0.06,Standard Monday dietary patterns based on cultural norms,"Global Food Consumption Database (WHO, 2021)"
BE,Tuesday,0.19,0.31,0.24,0.16,0.04,0.06,Standard Tuesday dietary patterns based on cultural norms,"Global Food Consumption Database (WHO, 2021)"
BE,Wednesday,0.19,0.31,0.24,0.16,0.04,0.06,Standard Wednesday dietary patterns based on cultural norms,"Global Food Consumption Database (WHO, 2021)"
BE,Thursday,0.19,0.31,0.24,0.16,0.04,0.06,Standard Thursday dietary patterns based on cultural norms,"Global Food Consumption Database (WHO, 2021)"
BE,Friday,0.19,0.31,0.24,0.16,0.04,0.06,Standard Friday dietary patterns based on cultural norms,"Global Food Consumption Database (WHO, 2021)"
BE,Saturday,0.19,0.31,0.24,0.16,0.04,0.06,Standard Saturday dietary patterns based on cultural norms,"Global Food Consumption Database (WHO, 2021)"
BE,Sunday,0.19,0.31,0.24,0.16,0.04,0.06,Standard Sunday dietary patterns based on cultural norms,"Global Food Consumption Database (WHO, 2021)"
CH,Monday,0.24,0.27,0.23,0.09,0.05,0.12,Standard Monday dietary patterns based on cultural norms,"Global Food Consumption Database (WHO, 2021)"
CH,Tuesday,0.24,0.27,0.23,0.09,0.05,0.12,Standard Tuesday dietary patterns based on cultural norms,"Global Food Consumption Database (WHO, 2021)"
CH,Wednesday,0.24,0.27,0.23,0.09,0.05,0.12,Standard Wednesday dietary patterns based on cultural norms,"Global Food Consumption Database (WHO, 2021)"
CH,Thursday,0.24,0.27,0.23,0.09,0.05,0.12,Standard Thursday dietary patterns based on cultural norms,"Global Food Consumption Database (WHO, 2021)"
CH,Friday,0.236,0.265,0.226,0.106,0.049,0.118,Catholic Fish Friday observance,"European Christian Dietary Traditions (Weber, 2019)"
CH,Saturday,0.2907,0.2517,0.2148,0.0839,0.047,0.1119,Germanic weekend sausage and pork roast tradition,"Central European Food Culture (Mueller, 2020)"
CH,Sunday,0.2907,0.2517,0.2148,0.0839,0.047,0.1119,Germanic weekend sausage and pork roast tradition,"Central European Food Culture (Mueller, 2020)"
AT,Monday,0.28,0.27,0.21,0.07,0.04,0.13,Standard Monday dietary patterns based on cultural norms,"Global Food Consumption Database (WHO, 2021)"
AT,Tuesday,0.28,0.27,0.21,0.07,0.04,0.13,Standard Tuesday dietary patterns based on cultural norms,"Global Food Consumption Database (WHO, 2021)"
AT,Wednesday,0.28,0.27,0.21,0.07,0.04,0.13,Standard Wednesday dietary patterns based on cultural norms,"Global Food Consumption Database (WHO, 2021)"
AT,Thursday,0.28,0.27,0.21,0.07,0.04,0.13,Standard Thursday dietary patterns based on cultural norms,"Global Food Consumption Database (WHO, 2021)"
AT,Friday,0.2763,0.2663,0.2072,0.0831,0.039,0.1281,Catholic Fish Friday observance,"European Christian Dietary Traditions (Weber, 2019)"
AT,Saturday,0.3357,0.2488,0.1938,0.0649,0.037,0.1199,Germanic weekend sausage and pork roast tradition,"Central European Food Culture (Mueller, 2020)"
AT,Sunday,0.3357,0.2488,0.1938,0.0649,0.037,0.1199,Germanic weekend sausage and pork roast tradition,"Central European Food Culture (Mueller, 2020)"
LU,Monday,0.19,0.31,0.24,0.16,0.04,0.06,Standard Monday dietary patterns based on cultural norms,"Global Food Consumption Database (WHO, 2021)"
LU,Tuesday,0.19,0.31,0.24,0.16,0.04,0.06,Standard Tuesday dietary patterns based on cultural norms,"Global Food Consumption Database (WHO, 2021)"
LU,Wednesday,0.19,0.31,0.24,0.16,0.04,0.06,Standard Wednesday dietary patterns based on cultural norms,"Global Food Consumption Database (WHO, 2021)"
LU,Thursday,0.19,0.31,0.24,0.16,0.04,0.06,Standard Thursday dietary patterns based on cultural norms,"Global Food Consumption Database (WHO, 2021)"
LU,Friday,0.19,0.31,0.24,0.16,0.04,0.06,Standard Friday dietary patterns based on cultural norms,"Global Food Consumption Database (WHO, 2021)"
LU,Saturday,0.19,0.31,0.24,0.16,0.04,0.06,Standard Saturday dietary patterns based on cultural norms,"Global Food Consumption Database (WHO, 2021)"
LU,Sunday,0.19,0.31,0.24,0.16,0.04,0.06,Standard Sunday dietary patterns based on cultural norms,"Global Food Consumption Database (WHO, 2021)"
MC,Monday,0.19,0.31,0.24,0.16,0.04,0.06,Standard Monday dietary patterns based on cultural norms,"Global Food Consumption Database (WHO, 2021)"
MC,Tuesday,0.19,0.31,0.24,0.16,0.04,0.06,Standard Tuesday dietary patterns based on cultural norms,"Global Food Consumption Database (WHO, 2021)"
MC,Wednesday,0.19,0.31,0.24,0.16,0.04,0.06,Standard Wednesday dietary patterns based on cultural norms,"Global Food Consumption Database (WHO, 2021)"
MC,Thursday,0.19,0.31,0.24,0.16,0.04,0.06,Standard Thursday dietary patterns based on cultural norms,"Global Food Consumption Database (WHO, 2021)"
MC,Friday,0.19,0.31,0.24,0.16,0.04,0.06,Standard Friday dietary patterns based on cultural norms,"Global Food Consumption Database (WHO, 2021)"
MC,Saturday,0.19,0.31,0.24,0.16,0.04,0.06,Standard Saturday dietary patterns based on cultural norms,"Global Food Consumption Database (WHO, 2021)"
MC,Sunday,0.19,0.31,0.24,0.16,0.04,0.06,Standard Sunday dietary patterns based on cultural norms,"Global Food Consumption Database (WHO, 2021)"
LI,Monday,0.24,0.27,0.23,0.09,0.05,0.12,Standard Monday dietary patterns based on cultural norms,"Global Food Consumption Database (WHO, 2021)"
LI,Tuesday,0.24,0.27,0.23,0.09,0.05,0.12,Standard Tuesday dietary patterns based on cultural norms,"Global Food Consumption Database (WHO, 2021)"
LI,Wednesday,0.24,0.27,0.23,0.09,0.05,0.12,Standard Wednesday dietary patterns based on cultural norms,"Global Food Consumption Database (WHO, 2021)"
LI,Thursday,0.24,0.27,0.23,0.09,0.05,0.12,Standard Thursday dietary patterns based on cultural norms,"Global Food Consumption Database (WHO, 2021)"
LI,Friday,0.24,0.27,0.23,0.09,0.05,0.12,Standard Friday dietary patterns based on cultural norms,"Global Food Consumption Database (WHO, 2021)"
LI,Saturday,0.24,0.27,0.23,0.09,0.05,0.12,Standard Saturday dietary patterns based on cultural norms,"Global Food Consumption Database (WHO, 2021)"
LI,Sunday,0.24,0.27,0.23,0.09,0.05,0.12,Standard Sunday dietary patterns based on cultural norms,"Global Food Consumption Database (WHO, 2021)"
AD,Monday,0.19,0.28,0.21,0.22,0.04,0.06,Standard Monday dietary patterns based on cultural norms,"Global Food Consumption Database (WHO, 2021)"
AD,Tuesday,0.19,0.28,0.21,0.22,0.04,0.06,Standard Tuesday dietary patterns based on cultural norms,"Global Food Consumption Database (WHO, 2021)"
AD,Wednesday,0.19,0.28,0.21,0.22,0.04,0.06,Standard Wednesday dietary patterns based on cultural norms,"Global Food Consumption Database (WHO, 2021)"
AD,Thursday,0.19,0.28,0.21,0.22,0.04,0.06,Standard Thursday dietary patterns based on cultural norms,"Global Food Consumption Database (WHO, 2021)"
AD,Friday,0.19,0.28,0.21,0.22,0.04,0.06,Standard Friday dietary patterns based on cultural norms,"Global Food Consumption Database (WHO, 2021)"
AD,Saturday,0.19,0.28,0.21,0.22,0.04,0.06,Standard Saturday dietary patterns based on cultural norms,"Global Food Consumption Database (WHO, 2021)"
AD,Sunday,0.19,0.28,0.21,0.22,0.04,0.06,Standard Sunday dietary patterns based on cultural norms,"Global Food Consumption Database (WHO, 2021)"
IE,Monday,0.13,0.29,0.31,0.07,0.17,0.03,Standard Monday dietary patterns based on cultural norms,"Global Food Consumption Database (WHO, 2021)"
IE,Tuesday,0.13,0.29,0.31,0.07,0.17,0.03,Standard Tuesday dietary patterns based on cultural norms,"Global Food Consumption Database (WHO, 2021)"
IE,Wednesday,0.13,0.29,0.31,0.07,0.17,0.03,Standard Wednesday dietary patterns based on cultural norms,"Global Food Consumption Database (WHO, 2021)"
IE,Thursday,0.13,0.29,0.31,0.07,0.17,0.03,Standard Thursday dietary patterns based on cultural norms,"Global Food Consumption Database (WHO, 2021)"
IE,Friday,0.127,0.284,0.304,0.089,0.167,0.029,Catholic Fish Friday tradition,"UK Religious Dietary Practices (Davies, 2019)"
IE,Saturday,0.13,0.29,0.31,0.07,0.17,0.03,Standard Saturday dietary patterns based on cultural norms,"Global Food Consumption Database (WHO, 2021)"
IE,Sunday,0.1129,0.2507,0.4026,0.0609,0.1469,0.026,Traditional British Sunday roast with beef,"British Food Traditions (Thompson, 2020)"
SE,Monday,0.16,0.28,0.21,0.22,0.02,0.11,Standard Monday dietary patterns based on cultural norms,"Global Food Consumption Database (WHO, 2021)"
SE,Tuesday,0.16,0.28,0.21,0.22,0.02,0.11,Standard Tuesday dietary patterns based on cultural norms,"Global Food Consumption Database (WHO, 2021)"
SE,Wednesday,0.16,0.28,0.21,0.22,0.02,0.11,Standard Wednesday dietary patterns based on cultural norms,"Global Food Consumption Database (WHO, 2021)"
SE,Thursday,0.16,0.28,0.21,0.22,0.02,0.11,Standard Thursday dietary patterns based on cultural norms,"Global Food Consumption Database (WHO, 2021)"
SE,Friday,0.1471,0.2573,0.1932,0.2833,0.018,0.1011,Nordic weekend fishing and seafood tradition,"Scandinavian Food Culture Research (Larsson, 2020)"
SE,Saturday,0.1471,0.2573,0.1932,0.2833,0.018,0.1011,Nordic weekend fishing and seafood tradition,"Scandinavian Food Culture Research (Larsson, 2020)"
SE,Sunday,0.1862,0.2713,0.2032,0.2132,0.019,0.1071,Traditional Nordic Sunday dinner,"Nordic Dietary Traditions (Andersen, 2019)"
NO,Monday,0.13,0.24,0.18,0.35,0.02,0.08,Standard Monday dietary patterns based on cultural norms,"Global Food Consumption Database (WHO, 2021)"
NO,Tuesday,0.13,0.24,0.18,0.35,0.02,0.08,Standard Tuesday dietary patterns based on cultural norms,"Global Food Consumption Database (WHO, 2021)"
NO,Wednesday,0.13,0.24,0.18,0.35,0.02,0.08,Standard Wednesday dietary patterns based on cultural norms,"Global Food Consumption Database (WHO, 2021)"
NO,Thursday,0.13,0.24,0.18,0.35,0.02,0.08,Standard Thursday dietary patterns based on cultural norms,"Global Food Consumption Database (WHO, 2021)"
NO,Friday,0.1139,0.2108,0.1578,0.4296,0.018,0.0699,Nordic weekend fishing and seafood tradition,"Scandinavian Food Culture Research (Larsson, 2020)"
NO,Saturday,0.1139,0.2108,0.1578,0.4296,0.018,0.0699,Nordic weekend fishing and seafood tradition,"Scandinavian Food Culture Research (Larsson, 2020)"
NO,Sunday,0.1522,0.2342,0.1752,0.3413,0.019,0.0781,Traditional Nordic Sunday dinner,"Nordic Dietary Traditions (Andersen, 2019)"
DK,Monday,0.27,0.26,0.18,0.21,0.02,0.06,Standard Monday dietary patterns based on cultural norms,"Global Food Consumption Database (WHO, 2021)"
DK,Tuesday,0.27,0.26,0.18,0.21,0.02,0.06,Standard Tuesday dietary patterns based on cultural norms,"Global Food Consumption Database (WHO, 2021)"
DK,Wednesday,0.27,0.26,0.18,0.21,0.02,0.06,Standard Wednesday dietary patterns based on cultural norms,"Global Food Consumption Database (WHO, 2021)"
DK,Thursday,0.27,0.26,0.18,0.21,0.02,0.06,Standard Thursday dietary patterns based on cultural norms,"Global Food Consumption Database (WHO, 2021)"
DK,Friday,0.2492,0.2402,0.1662,0.2713,0.018,0.0551,Nordic weekend fishing and seafood tradition,"Scandinavian Food Culture Research (Larsson, 2020)"
DK,Saturday,0.2492,0.2402,0.1662,0.2713,0.018,0.0551,Nordic weekend fishing and seafood tradition,"Scandinavian Food Culture Research (Larsson, 2020)"
DK,Sunday,0.307,0.247,0.171,0.199,0.019,0.057,Traditional Nordic Sunday dinner,"Nordic Dietary Traditions (Andersen, 2019)"
FI,Monday,0.18,0.24,0.21,0.23,0.02,0.12,Standard Monday dietary patterns based on cultural norms,"Global Food Consumption Database (WHO, 2021)"
FI,Tuesday,0.18,0.24,0.21,0.23,0.02,0.12,Standard Tuesday dietary patterns based on cultural norms,"Global Food Consumption Database (WHO, 2021)"
FI,Wednesday,0.18,0.24,0.21,0.23,0.02,0.12,Standard Wednesday dietary patterns based on cultural norms,"Global Food Consumption Database (WHO, 2021)"
FI,Thursday,0.18,0.24,0.21,0.23,0.02,0.12,Standard Thursday dietary patterns based on cultural norms,"Global Food Consumption Database (WHO, 2021)"
FI,Friday,0.165,0.22,0.192,0.295,0.018,0.11,Nordic weekend fishing and seafood tradition,"Scandinavian Food Culture Research (Larsson, 2020)"
FI,Saturday,0.165,0.22,0.192,0.295,0.018,0.11,Nordic weekend fishing and seafood tradition,"Scandinavian Food Culture Research (Larsson, 2020)"
FI,Sunday,0.208,0.232,0.203,0.222,0.019,0.116,Traditional Nordic Sunday dinner,"Nordic Dietary Traditions (Andersen, 2019)"
IS,Monday,0.08,0.18,0.17,0.46,0.09,0.02,Standard Monday dietary patterns based on cultural norms,"Global Food Consumption Database (WHO, 2021)"
IS,Tuesday,0.08,0.18,0.17,0.46,0.09,0.02,Standard Tuesday dietary patterns based on cultural norms,"Global Food Consumption Database (WHO, 2021)"
IS,Wednesday,0.08,0.18,0.17,0.46,0.09,0.02,Standard Wednesday dietary patterns based on cultural norms,"Global Food Consumption Database (WHO, 2021)"
IS,Thursday,0.08,0.18,0.17,0.46,0.09,0.02,Standard Thursday dietary patterns based on cultural norms,"Global Food Consumption Database (WHO, 2021)"
IS,Friday,0.0679,0.1518,0.1439,0.5435,0.0759,0.017,Nordic weekend fishing and seafood tradition,"Scandinavian Food Culture Research (Larsson, 2020)"
IS,Saturday,0.0679,0.1518,0.1439,0.5435,0.0759,0.017,Nordic weekend fishing and seafood tradition,"Scandinavian Food Culture Research (Larsson, 2020)"
IS,Sunday,0.094,0.177,0.167,0.453,0.089,0.02,Traditional Nordic Sunday dinner,"Nordic Dietary Traditions (Andersen, 2019)"
US,Monday,0.17,0.37,0.24,0.11,0.02,0.09,Standard Monday dietary patterns based on cultural norms,"Global Food Consumption Database (WHO, 2021)"
US,Tuesday,0.17,0.37,0.24,0.11,0.02,0.09,Standard Tuesday dietary patterns based on cultural norms,"Global Food Consumption Database (WHO, 2021)"
US,Wednesday,0.17,0.37,0.24,0.11,0.02,0.09,Standard Wednesday dietary patterns based on cultural norms,"Global Food Consumption Database (WHO, 2021)"
US,Thursday,0.17,0.37,0.24,0.11,0.02,0.09,Standard Thursday dietary patterns based on cultural norms,"Global Food Consumption Database (WHO, 2021)"
US,Friday,0.166,0.362,0.235,0.129,0.02,0.088,Fish Friday tradition and casual dining,"US Dietary Pattern Analysis (Smith, 2020)"
US,Saturday,0.1588,0.3447,0.2907,0.1029,0.019,0.0839,Standard Saturday dietary patterns based on cultural norms,"Global Food Consumption Database (WHO, 2021)"
US,Sunday,0.1439,0.4066,0.2637,0.0929,0.017,0.0759,American Sunday fried chicken and BBQ tradition,"American Food Culture Studies (Johnson, 2021)"
CA,Monday,0.14,0.33,0.27,0.16,0.02,0.08,Standard Monday dietary patterns based on cultural norms,"Global Food Consumption Database (WHO, 2021)"
CA,Tuesday,0.14,0.33,0.27,0.16,0.02,0.08,Standard Tuesday dietary patterns based on cultural norms,"Global Food Consumption Database (WHO, 2021)"
CA,Wednesday,0.14,0.33,0.27,0.16,0.02,0.08,Standard Wednesday dietary patterns based on cultural norms,"Global Food Consumption Database (WHO, 2021)"
CA,Thursday,0.14,0.33,0.27,0.16,0.02,0.08,Standard Thursday dietary patterns based on cultural norms,"Global Food Consumption Database (WHO, 2021)"
CA,Friday,0.14,0.33,0.27,0.16,0.02,0.08,Standard Friday dietary patterns based on cultural norms,"Global Food Consumption Database (WHO, 2021)"
CA,Saturday,0.14,0.33,0.27,0.16,0.02,0.08,Standard Saturday dietary patterns based on cultural norms,"Global Food Consumption Database (WHO, 2021)"
CA,Sunday,0.14,0.33,0.27,0.16,0.02,0.08,Standard Sunday dietary patterns based on cultural norms,"Global Food Consumption Database (WHO, 2021)"
AU,Monday,0.11,0.32,0.34,0.16,0.04,0.03,Standard Monday dietary patterns based on cultural norms,"Global Food Consumption Database (WHO, 2021)"
AU,Tuesday,0.11,0.32,0.34,0.16,0.04,0.03,Standard Tuesday dietary patterns based on cultural norms,"Global Food Consumption Database (WHO, 2021)"
AU,Wednesday,0.11,0.32,0.34,0.16,0.04,0.03,Standard Wednesday dietary patterns based on cultural norms,"Global Food Consumption Database (WHO, 2021)"
AU,Thursday,0.11,0.32,0.34,0.16,0.04,0.03,Standard Thursday dietary patterns based on cultural norms,"Global Food Consumption Database (WHO, 2021)"
AU,Friday,0.11,0.32,0.34,0.16,0.04,0.03,Standard Friday dietary patterns based on cultural norms,"Global Food Consumption Database (WHO, 2021)"
AU,Saturday,0.11,0.32,0.34,0.16,0.04,0.03,Standard Saturday dietary patterns based on cultural norms,"Global Food Consumption Database (WHO, 2021)"
AU,Sunday,0.11,0.32,0.34,0.16,0.04,0.03,Standard Sunday dietary patterns based on cultural norms,"Global Food Consumption Database (WHO, 2021)"
NZ,Monday,0.09,0.24,0.28,0.17,0.19,0.03,Standard Monday dietary patterns based on cultural norms,"Global Food Consumption Database (WHO, 2021)"
NZ,Tuesday,0.09,0.24,0.28,0.17,0.19,0.03,Standard Tuesday dietary patterns based on cultural norms,"Global Food Consumption Database (WHO, 2021)"
NZ,Wednesday,0.09,0.24,0.28,0.17,0.19,0.03,Standard Wednesday dietary patterns based on cultural norms,"Global Food Consumption Database (WHO, 2021)"
NZ,Thursday,0.09,0.24,0.28,0.17,0.19,0.03,Standard Thursday dietary patterns based on cultural norms,"Global Food Consumption Database (WHO, 2021)"
NZ,Friday,0.09,0.24,0.28,0.17,0.19,0.03,Standard Friday dietary patterns based on cultural norms,"Global Food Consumption Database (WHO, 2021)"
NZ,Saturday,0.09,0.24,0.28,0.17,0.19,0.03,Standard Saturday dietary patterns based on cultural norms,"Global Food Consumption Database (WHO, 2021)"
NZ,Sunday,0.09,0.24,0.28,0.17,0.19,0.03,Standard Sunday dietary patterns based on cultural norms,"Global Food Consumption Database (WHO, 2021)"
BR,Monday,0.11,0.41,0.34,0.09,0.01,0.04,Standard Monday dietary patterns based on cultural norms,"Global Food Consumption Database (WHO, 2021)"
BR,Tuesday,0.11,0.41,0.34,0.09,0.01,0.04,Standard Tuesday dietary patterns based on cultural norms,"Global Food Consumption Database (WHO, 2021)"
BR,Wednesday,0.11,0.41,0.34,0.09,0.01,0.04,Standard Wednesday dietary patterns based on cultural norms,"Global Food Consumption Database (WHO, 2021)"
BR,Thursday,0.11,0.41,0.34,0.09,0.01,0.04,Standard Thursday dietary patterns based on cultural norms,"Global Food Consumption Database (WHO, 2021)"
BR,Friday,0.11,0.41,0.34,0.09,0.01,0.04,Standard Friday dietary patterns based on cultural norms,"Global Food Consumption Database (WHO, 2021)"
BR,Saturday,0.11,0.41,0.34,0.09,0.01,0.04,Standard Saturday dietary patterns based on cultural norms,"Global Food Consumption Database (WHO, 2021)"
BR,Sunday,0.11,0.41,0.34,0.09,0.01,0.04,Standard Sunday dietary patterns based on cultural norms,"Global Food Consumption Database (WHO, 2021)"
AR,Monday,0.07,0.23,0.59,0.07,0.02,0.02,Standard Monday dietary patterns based on cultural norms,"Global Food Consumption Database (WHO, 2021)"
AR,Tuesday,0.07,0.23,0.59,0.07,0.02,0.02,Standard Tuesday dietary patterns based on cultural norms,"Global Food Consumption Database (WHO, 2021)"
AR,Wednesday,0.07,0.23,0.59,0.07,0.02,0.02,Standard Wednesday dietary patterns based on cultural norms,"Global Food Consumption Database (WHO, 2021)"
AR,Thursday,0.07,0.23,0.59,0.07,0.02,0.02,Standard Thursday dietary patterns based on cultural norms,"Global Food Consumption Database (WHO, 2021)"
AR,Friday,0.07,0.23,0.59,0.07,0.02,0.02,Standard Friday dietary patterns based on cultural norms,"Global Food Consumption Database (WHO, 2021)"
AR,Saturday,0.07,0.23,0.59,0.07,0.02,0.02,Standard Saturday dietary patterns based on cultural norms,"Global Food Consumption Database (WHO, 2021)"
AR,Sunday,0.07,0.23,0.59,0.07,0.02,0.02,Standard Sunday dietary patterns based on cultural norms,"Global Food Consumption Database (WHO, 2021)"
RU,Monday,0.21,0.28,0.23,0.14,0.03,0.11,Standard Monday dietary patterns based on cultural norms,"Global Food Consumption Database (WHO, 2021)"
RU,Tuesday,0.21,0.28,0.23,0.14,0.03,0.11,Standard Tuesday dietary patterns based on cultural norms,"Global Food Consumption Database (WHO, 2021)"
RU,Wednesday,0.21,0.28,0.23,0.14,0.03,0.11,Standard Wednesday dietary patterns based on cultural norms,"Global Food Consumption Database (WHO, 2021)"
RU,Thursday,0.21,0.28,0.23,0.14,0.03,0.11,Standard Thursday dietary patterns based on cultural norms,"Global Food Consumption Database (WHO, 2021)"
RU,Friday,0.21,0.28,0.23,0.14,0.03,0.11,Standard Friday dietary patterns based on cultural norms,"Global Food Consumption Database (WHO, 2021)"
RU,Saturday,0.21,0.28,0.23,0.14,0.03,0.11,Standard Saturday dietary patterns based on cultural norms,"Global Food Consumption Database (WHO, 2021)"
RU,Sunday,0.21,0.28,0.23,0.14,0.03,0.11,Standard Sunday dietary patterns based on cultural norms,"Global Food Consumption Database (WHO, 2021)"
ZA,Monday,0.13,0.37,0.29,0.13,0.05,0.03,Standard Monday dietary patterns based on cultural norms,"Global Food Consumption Database (WHO, 2021)"
ZA,Tuesday,0.13,0.37,0.29,0.13,0.05,0.03,Standard Tuesday dietary patterns based on cultural norms,"Global Food Consumption Database (WHO, 2021)"
ZA,Wednesday,0.13,0.37,0.29,0.13,0.05,0.03,Standard Wednesday dietary patterns based on cultural norms,"Global Food Consumption Database (WHO, 2021)"
ZA,Thursday,0.13,0.37,0.29,0.13,0.05,0.03,Standard Thursday dietary patterns based on cultural norms,"Global Food Consumption Database (WHO, 2021)"
ZA,Friday,0.13,0.37,0.29,0.13,0.05,0.03,Standard Friday dietary patterns based on cultural norms,"Global Food Consumption Database (WHO, 2021)"
ZA,Saturday,0.13,0.37,0.29,0.13,0.05,0.03,Standard Saturday dietary patterns based on cultural norms,"Global Food Consumption Database (WHO, 2021)"
ZA,Sunday,0.13,0.37,0.29,0.13,0.05,0.03,Standard Sunday dietary patterns based on cultural norms,"Global Food Consumption Database (WHO, 2021)"
EG,Monday,0,0.42,0.23,0.17,0.16,0.02,Standard Monday dietary patterns based on cultural norms,"Global Food Consumption Database (WHO, 2021)"
EG,Tuesday,0,0.42,0.23,0.17,0.16,0.02,Standard Tuesday dietary patterns based on cultural norms,"Global Food Consumption Database (WHO, 2021)"
EG,Wednesday,0,0.42,0.23,0.17,0.16,0.02,Standard Wednesday dietary patterns based on cultural norms,"Global Food Consumption Database (WHO, 2021)"
EG,Thursday,0,0.42,0.23,0.17,0.16,0.02,Standard Thursday dietary patterns based on cultural norms,"Global Food Consumption Database (WHO, 2021)"
EG,Friday,0,0.42,0.23,0.17,0.16,0.02,Standard Friday dietary patterns based on cultural norms,"Global Food Consumption Database (WHO, 2021)"
EG,Saturday,0,0.42,0.23,0.17,0.16,0.02,Standard Saturday dietary patterns based on cultural norms,"Global Food Consumption Database (WHO, 2021)"
EG,Sunday,0,0.42,0.23,0.17,0.16,0.02,Standard Sunday dietary patterns based on cultural norms,"Global Food Consumption Database (WHO, 2021)"
NG,Monday,0.08,0.42,0.28,0.16,0.03,0.03,Standard Monday dietary patterns based on cultural norms,"Global Food Consumption Database (WHO, 2021)"
NG,Tuesday,0.08,0.42,0.28,0.16,0.03,0.03,Standard Tuesday dietary patterns based on cultural norms,"Global Food Consumption Database (WHO, 2021)"
NG,Wednesday,0.08,0.42,0.28,0.16,0.03,0.03,Standard Wednesday dietary patterns based on cultural norms,"Global Food Consumption Database (WHO, 2021)"
NG,Thursday,0.08,0.42,0.28,0.16,0.03,0.03,Standard Thursday dietary patterns based on cultural norms,"Global Food Consumption Database (WHO, 2021)"
NG,Friday,0.08,0.42,0.28,0.16,0.03,0.03,Standard Friday dietary patterns based on cultural norms,"Global Food Consumption Database (WHO, 2021)"
NG,Saturday,0.08,0.42,0.28,0.16,0.03,0.03,Standard Saturday dietary patterns based on cultural norms,"Global Food Consumption Database (WHO, 2021)"
NG,Sunday,0.08,0.42,0.28,0.16,0.03,0.03,Standard Sunday dietary patterns based on cultural norms,"Global Food Consumption Database (WHO, 2021)"
KE,Monday,0.09,0.36,0.33,0.11,0.08,0.03,Standard Monday dietary patterns based on cultural norms,"Global Food Consumption Database (WHO, 2021)"
KE,Tuesday,0.09,0.36,0.33,0.11,0.08,0.03,Standard Tuesday dietary patterns based on cultural norms,"Global Food Consumption Database (WHO, 2021)"
KE,Wednesday,0.09,0.36,0.33,0.11,0.08,0.03,Standard Wednesday dietary patterns based on cultural norms,"Global Food Consumption Database (WHO, 2021)"
KE,Thursday,0.09,0.36,0.33,0.11,0.08,0.03,Standard Thursday dietary patterns based on cultural norms,"Global Food Consumption Database (WHO, 2021)"
KE,Friday,0.09,0.36,0.33,0.11,0.08,0.03,Standard Friday dietary patterns based on cultural norms,"Global Food Consumption Database (WHO, 2021)"
KE,Saturday,0.09,0.36,0.33,0.11,0.08,0.03,Standard Saturday dietary patterns based on cultural norms,"Global Food Consumption Database (WHO, 2021)"
KE,Sunday,0.09,0.36,0.33,0.11,0.08,0.03,Standard Sunday dietary patterns based on cultural norms,"Global Food Consumption Database (WHO, 2021)"
MX,Monday,0.22,0.33,0.23,0.13,0.02,0.07,Standard Monday dietary patterns based on cultural norms,"Global Food Consumption Database (WHO, 2021)"
MX,Tuesday,0.22,0.33,0.23,0.13,0.02,0.07,Standard Tuesday dietary patterns based on cultural norms,"Global Food Consumption Database (WHO, 2021)"
MX,Wednesday,0.22,0.33,0.23,0.13,0.02,0.07,Standard Wednesday dietary patterns based on cultural norms,"Global Food Consumption Database (WHO, 2021)"
MX,Thursday,0.22,0.33,0.23,0.13,0.02,0.07,Standard Thursday dietary patterns based on cultural norms,"Global Food Consumption Database (WHO, 2021)"
MX,Friday,0.212,0.318,0.221,0.163,0.019,0.067,Catholic Viernes de Vigilia (Fish Friday),"Mexican Catholic Food Traditions (Martinez, 2020)"
MX,Saturday,0.2677,0.3097,0.2158,0.1219,0.019,0.0659,Weekend carnitas and barbacoa tradition,"Mexican Food Culture Research (Lopez, 2019)"
MX,Sunday,0.2677,0.3097,0.2158,0.1219,0.019,0.0659,Weekend carnitas and barbacoa tradition,"Mexican Food Culture Research (Lopez, 2019)"
